Food,GI,GL,GL_Rating
Abalone,0,0,LOW
Acai Berry,12,1,LOW
Acai Juice,15,2,LOW
Acai Puree,15,2,LOW
Acerola Cherry,20,3,LOW
Acorn Flour,35,4,LOW
Acorn Squash,50,8,LOW
Acorn Squash Seeds,12,1,LOW
Adobo Sauce,25,3,LOW
Adzuki Beans,35,6,LOW
Adzuki Sprouts,15,1,LOW
African Blue Basil,5,0,LOW
African Eggplant,15,1,LOW
Agave Leaf,15,2,LOW
Agave Nectar (Light),10,2,LOW
Agave Syrup,61,10,LOW
Agretti,15,1,LOW
Ajwain Seeds,5,0,LOW
Alaskan King Crab,0,0,LOW
Albacore Tuna,0,0,LOW
Aleppo Peppers,10,1,LOW
Alewife,0,0,LOW
Alfalfa Sprouts,15,1,LOW
Alligator Meat,0,0,LOW
Allspice Berries,5,0,LOW
Almond Biscotti,50,8,LOW
Almond Extract,0,0,LOW
Almond Flour,20,1,LOW
Almond Flour Crackers,25,2,LOW
Almond Milk,25,3,LOW
Almond Milk (Sweetened),30,1,LOW
Almond Milk (Unsweetened),30,2,LOW
Almond Oil (Edible),0,0,LOW
Almonds,15,1,LOW
Aloe Vera Gel,5,0,LOW
Aloe Vera Juice,45,5,LOW
Aloe Vera Juice (Unsweetened),0,0,LOW
Amaranth,97,15,MED
Amaranth Grain,97,15,MED
Amaranth Greens,10,1,LOW
Amaranth Leaves,20,1,LOW
Amba,35,4,LOW
Amberjack,0,0,LOW
American Cheese,0,0,LOW
American Eel,0,0,LOW
American Persimmon,50,8,LOW
Amur Grape,43,6,LOW
Anaheim Chili Peppers,15,1,LOW
Ancho Chili,15,1,LOW
Anchovies,0,0,LOW
Andouille Sausage,0,0,LOW
Anise,5,0,LOW
Anise Hyssop Leaves,5,0,LOW
Anise Seed,15,1,LOW
Anjou Pear,42,6,LOW
Annatto Seeds,5,0,LOW
Apple,36,6,LOW
Apple Butter,40,7,LOW
Apple Chips (Unsweetened),35,4,LOW
Apple Cider Vinegar,0,0,LOW
Apple Cider Vinegar (Raw),0,0,LOW
Apple Juice (Unsweetened),40,7,LOW
Apple Pear,48,8,LOW
Apple Strudel,63,14,MED
Apricots,34,5,LOW
Arame Seaweed,5,0,LOW
Arctic Char,0,0,LOW
Arctic Char,0,0,LOW
Arctic Kelp,5,0,LOW
Arctic Roll,70,18,MED
Arrowhead,50,10,LOW
Arrowhead Vine Shoots,10,1,LOW
Arrowleaf Lettuce,10,1,LOW
Arrowroot,67,12,MED
Arroz con Pollo,50,15,MED
Artichoke Dip,35,5,LOW
Artichoke Hearts,15,2,LOW
Artichokes (Whole),15,2,LOW
Arugula,15,1,LOW
Arugula Sprouts,10,1,LOW
Ash Gourd,15,2,LOW
Ashitaba Leaves,10,1,LOW
Asian Eggplant,15,1,LOW
Asian Green Beans,30,4,LOW
Asian Pear,45,6,LOW
Atlantic Blue Crab,0,0,LOW
Atlantic Cod,0,0,LOW
Atlantic Salmon,0,0,LOW
Avocado,10,1,LOW
Avocado Oil,0,0,LOW
Baby Artichokes,15,2,LOW
Baby Arugula,15,1,LOW
Baby Beets,50,8,LOW
Baby Bell Peppers,10,1,LOW
Baby Bok Choy,10,1,LOW
Baby Corn,55,4,LOW
Baby Kale,15,1,LOW
Baby Oyster Mushrooms,10,1,LOW
Baby Portobello Mushrooms,10,1,LOW
Baby Spinach,10,1,LOW
Baby Turnips,50,7,LOW
Baby Zucchini,10,1,LOW
Bacon-Wrapped Dates,42,10,LOW
Bael Fruit,50,6,LOW
Bagels,72,17,MED
Baked Apples,40,12,MED
Baked Beans,48,14,MED
Baked Brie,15,1,LOW
Baked Herring Roe,0,0,LOW
Balsamic Glaze,55,6,LOW
Balsamic Vinegar (Traditional),0,0,LOW
Bamboo Rice,65,14,MED
Bamboo Shoots,20,1,LOW
Bamboo Shoots (Fresh),20,2,LOW
Banana,51,13,MED
Banana Blossoms,10,1,LOW
Banana Bread,68,15,MED
Banana Chips (Unsweetened),55,9,LOW
Banana Fingerling Potatoes,50,8,LOW
Banana Flour,55,11,MED
Bananas (Red),52,12,MED
Banyan Leaves,10,1,LOW
Barbecue Sauce,65,8,LOW
Barberry,15,2,LOW
Barberry Berries,25,2,LOW
Barhi Dates (Fresh),42,12,MED
Barlett Squash,50,7,LOW
Barley,28,10,LOW
Barley Soup,40,7,LOW
Barley Tea,0,0,LOW
Barleygrass Juice,5,0,LOW
Barracuda,0,0,LOW
Barramundi,0,0,LOW
Bartlett Pears,38,8,LOW
Basa Fillets,0,0,LOW
Basa Fish,0,0,LOW
Basa Fish,0,0,LOW
Basil Leaves,5,0,LOW
Basil Microgreens,5,0,LOW
Basil Pesto,15,2,LOW
Basil Seeds,10,1,LOW
Bay Leaf,5,0,LOW
Bechamel Sauce,40,5,LOW
Beech Mushrooms,10,1,LOW
Beechwood Syrup,60,18,MED
Beef,0,0,LOW
Beef Broth (Unsalted),0,0,LOW
Beef Tripe,0,0,LOW
Beer (Light),5,3,LOW
Beet Chips,50,6,LOW
Beet Crackers,45,4,LOW
Beet Greens,15,1,LOW
Beet Juice,64,8,LOW
Beetroot Sprouts,15,1,LOW
Beignets,75,20,MED
Bell Pepper Soup,30,4,LOW
Bell Peppers (Green),10,1,LOW
Beni Shoga Ginger,5,0,LOW
Bergamot Orange,50,7,LOW
Betel Leaves,10,1,LOW
Big Max Pumpkin,52,10,LOW
Bird’s Eye Chili,10,1,LOW
Bison Ground Meat,0,0,LOW
Bison Meat,0,0,LOW
Bitter Almonds,5,0,LOW
Bitter Gourd,24,2,LOW
Bitter Melon,15,2,LOW
Black Bean Burgers,40,8,LOW
Black Bean Dip,35,6,LOW
Black Beans,30,7,LOW
Black Cardamom Pods,5,0,LOW
Black Cod,0,0,LOW
Black Garlic,20,3,LOW
Black Olives,5,0,LOW
Black Pudding,0,0,LOW
Black Radish,15,1,LOW
Black Rice,50,12,MED
Black Salt,0,0,LOW
Black Sapote,45,6,LOW
Black Sesame Seeds,10,1,LOW
Black Tea (Brewed),0,0,LOW
Black Turtle Beans,30,5,LOW
Blackberry,40,2,LOW
Blackberry Leaves,5,0,LOW
Blackcurrants,20,3,LOW
Blackstrap Molasses,55,8,LOW
Blanched Almond Flour,15,2,LOW
Blanched Hazelnuts,15,1,LOW
Blood Lime,50,6,LOW
Blood Oranges,42,6,LOW
Blood Sausage,0,0,LOW
Blue Cheese Dressing,10,1,LOW
Blue Corn,55,12,MED
Blue Hubbard Squash,48,8,LOW
Blueberry,53,3,LOW
Blueberry Smoothie,50,8,LOW
Bluefin Tuna,0,0,LOW
Bluefish,0,0,LOW
Boiled Barley,30,5,LOW
Boiled Lentils,32,5,LOW
Boiled Potatoes,82,23,HIGH
Bok Choy,15,1,LOW
Bok Choy Sprouts,10,1,LOW
Bone Broth (Unsalted),0,0,LOW
Borage Leaves,10,1,LOW
Bottarga (Cured Roe),0,0,LOW
Bottle Gourd,10,1,LOW
Boudin,0,0,LOW
Bowfin,0,0,LOW
Boysenberries,25,2,LOW
Braised Fennel,20,2,LOW
Braised Short Ribs,0,0,LOW
Bran Flakes,74,22,HIGH
Bratwurst,0,0,LOW
Brazil Nuts,15,1,LOW
Brazilian Spinach,10,1,LOW
Breadfruit,65,14,MED
Breadfruit (Raw),55,11,MED
Breadfruit Chips,65,12,MED
Breadfruit Flour,65,13,MED
Breadnut Fruit,55,9,LOW
Breadnut Seeds,55,8,LOW
Breadsticks,55,10,LOW
Bream,0,0,LOW
Brie Bites,0,0,LOW
Broad Beans,48,8,LOW
Broccoli,15,1,LOW
Broccoli Florets,10,1,LOW
Broccoli Fritters,50,6,LOW
Broccoli Rabe,20,2,LOW
Broccoli Romanesco,12,1,LOW
Broccoli Soup,30,4,LOW
Broccolini,12,1,LOW
Brown Bread,55,10,LOW
Brown Button Mushrooms,10,1,LOW
Brown Mustard Seeds,5,0,LOW
Brown Rice,50,15,MED
Brown Rice Sushi,55,10,LOW
Brown Rice Syrup,98,13,MED
Brown Seaweed,5,0,LOW
Brownies,70,18,MED
Brussels Sprout Chips,20,3,LOW
Buckwheat,49,12,MED
Buckwheat Pancakes,45,8,LOW
Buddha’s Hand,40,3,LOW
Buffalo Chicken Wings,0,0,LOW
Bunching Onions,10,1,LOW
Burdock Root,20,3,LOW
Burdock Stalks,20,2,LOW
Butter,0,0,LOW
Butter Beans,36,6,LOW
Butterbur Leaves,10,1,LOW
Buttercup Squash,48,6,LOW
Buttered Egg Noodles,50,10,LOW
Butterfish,0,0,LOW
Butterhead Lettuce,10,1,LOW
Butternut Soup,40,5,LOW
Butternut Squash,51,6,LOW
Butternut Squash Seeds,10,1,LOW
Butternut Tops,10,1,LOW
Butterwort,10,1,LOW
Button Mushrooms,10,1,LOW
Cabbage Juice,20,1,LOW
Cabbage Rolls,35,5,LOW
Cabbage Turnip,48,7,LOW
Cacao Nibs,10,1,LOW
Cactus Pear (Prickly Pear),35,6,LOW
Cajun Shrimp,0,0,LOW
Calabaza Squash,50,7,LOW
Calamansi (Philippine Lime),15,1,LOW
Calamari Salad,0,0,LOW
Calendula Leaves,10,1,LOW
California Prunes,65,11,MED
Callaloo Leaves,10,1,LOW
Camel Meat,0,0,LOW
Camelina Oil,0,0,LOW
Camembert Cheese,0,0,LOW
Camote Leaves,10,1,LOW
Camu Camu,15,1,LOW
Canadian Bacon,0,0,LOW
Canary Bird Peppers,10,1,LOW
Canary Melon,60,9,LOW
Cane Syrup,65,9,LOW
Cannoli,70,15,MED
Cantaloupe,65,5,LOW
Cape Cod Cranberries,45,6,LOW
Cape Gooseberries,45,6,LOW
Cape Verdean Beans,35,5,LOW
Capon Meat,0,0,LOW
Caprese Salad,15,2,LOW
Carambola,30,4,LOW
Cardamom Leaves,5,0,LOW
Cardoons,15,1,LOW
Carob Chips,45,8,LOW
Carob Powder,40,6,LOW
Carolina Gold Rice,55,15,MED
Carp,0,0,LOW
Carrot,35,2,LOW
Carrot Cake,75,25,HIGH
Carrot Crackers,45,4,LOW
Carrot Ginger Soup,35,6,LOW
Carrot Juice,45,5,LOW
Carrot Tops,15,1,LOW
Casaba Melon,50,7,LOW
Cashew Butter,15,2,LOW
Cashew Chicken,45,8,LOW
Cashew Milk,25,3,LOW
Cashew Milk (Sweetened),45,2,LOW
Cashew Sprouts,15,2,LOW
Cashew Yogurt,20,2,LOW
Cashews,22,6,LOW
Cashews (Raw),22,5,LOW
Cassava,80,24,HIGH
Cassava Flour Crackers,70,8,LOW
Catfish,0,0,LOW
Catfish Nuggets,0,0,LOW
Catnip Leaves,5,0,LOW
Cauliflower,15,1,LOW
Cauliflower Pizza,25,5,LOW
Cauliflower Sprouts,10,1,LOW
Cavendish Bananas,52,12,MED
Caviar,0,0,LOW
Celery Hearts,10,1,LOW
Celery Juice,15,1,LOW
Celery Root,35,6,LOW
Celery Sticks,15,1,LOW
Celtuce (Stem Lettuce),12,1,LOW
Ceylon Spinach,10,1,LOW
Chai Tea (Unsweetened),0,0,LOW
Chamomile Lemon Iced Tea,0,0,LOW
Champagne Grapes,43,6,LOW
Chanterelle Mushrooms,10,1,LOW
Chard,15,1,LOW
Charentais Melon,65,9,LOW
Chayote,15,2,LOW
Chayote Leaves,10,1,LOW
Chayote Shoots,10,1,LOW
Cheddar Biscuits,55,10,LOW
Cheese,0,0,LOW
Cheese Scones,45,7,LOW
Cheesecake,33,6,LOW
Cheesecake,35,7,LOW
Cherokee Purple Tomatoes,15,1,LOW
Cherries,22,4,LOW
Cherry Radishes,15,1,LOW
Chervil Leaves,5,0,LOW
Chestnuts,54,12,MED
Chia Flour,10,1,LOW
Chia Pudding,30,4,LOW
Chia Seed Crackers,25,3,LOW
Chia Seeds,10,1,LOW
Chicken,0,0,LOW
Chicken Alfredo,55,12,MED
Chicken Broth,0,0,LOW
Chicken Dumplings,50,12,MED
Chicken Marsala,45,10,LOW
Chicken Pho,45,10,LOW
Chicken Sausage,0,0,LOW
Chicken Schnitzel,55,13,MED
Chicken Stock (Unsalted),0,0,LOW
Chicken Tikka,45,8,LOW
Chickpea Flour,33,6,LOW
Chickpea Flour Crackers,35,3,LOW
Chickpea Salad,35,6,LOW
Chickpeas,33,8,LOW
Chickweed,5,0,LOW
Chili con Carne,35,8,LOW
Chili Peppers,10,1,LOW
Chilled Cucumber Soup (Drinkable),10,1,LOW
Chimichanga,55,15,MED
Chinese Basil,5,0,LOW
Chinese Broccoli,12,1,LOW
Chinese Cabbage,10,1,LOW
Chinese Chives,10,1,LOW
Chinese Eggplant,15,1,LOW
Chinese Long Beans,15,2,LOW
Chinese Mustard Greens,10,1,LOW
Chinese Water Chestnuts,55,9,LOW
Chinese Yam,55,11,MED
Chinook Salmon,0,0,LOW
Chipotle Peppers,15,1,LOW
Chive Blossoms,10,1,LOW
Chocolate Croissant,70,18,MED
Chocolate Eclair,63,16,MED
Chocolate Lava Cake,68,18,MED
Chocolate Souffle,62,14,MED
Chocolate-Covered Almonds,40,5,LOW
Chokecherries,25,2,LOW
Chopped Almonds,15,1,LOW
Chorizo,0,0,LOW
Chorizo Sausage,0,0,LOW
Choy Sum,10,1,LOW
Choy Sum Shoots,10,1,LOW
Christmas Lima Beans,45,7,LOW
Chrysanthemum Greens,15,1,LOW
Chub Mackerel,0,0,LOW
Churros,70,16,MED
Cider (Dry),6,3,LOW
Cilantro,10,1,LOW
Cilantro Seeds,5,0,LOW
Cilantro Sprouts,5,0,LOW
Cime di Rapa,10,1,LOW
Cinnamon Rolls,72,22,HIGH
Clam Chowder,45,5,LOW
Clams,0,0,LOW
Clementine,30,4,LOW
Climbing Spinach,10,1,LOW
Clotted Cream,0,0,LOW
Cloudberry,55,4,LOW
Clove Buds,5,0,LOW
Cobb Salad,10,2,LOW
Cockles,0,0,LOW
Cockspur Grass,10,1,LOW
Coco Plum,25,3,LOW
Cocoa Nibs,25,3,LOW
Cocoa Pods,45,6,LOW
Coconut Chips (Raw),35,1,LOW
Coconut Cream,30,4,LOW
Coconut Curry,55,10,LOW
Coconut Flour,51,3,LOW
Coconut Flour Crackers,40,3,LOW
Coconut Macaroons,55,8,LOW
Coconut MCT Oil,0,0,LOW
Coconut Milk,41,4,LOW
Coconut Milk (Canned),0,0,LOW
Coconut Nectar,35,3,LOW
Coconut Oil,0,0,LOW
Coconut Rice,65,14,MED
Coconut Vinegar,0,0,LOW
Coconut Water,54,3,LOW
Coconut Water (Pure),45,3,LOW
Coconut Yogurt,35,3,LOW
Cocoyam (Raw),55,9,LOW
Cod,0,0,LOW
Codfish Roe,0,0,LOW
Coho Salmon,0,0,LOW
Coix Seeds (Job’s Tears),55,12,MED
Cola Nuts,40,7,LOW
Coleslaw,25,4,LOW
Collard Greens,12,1,LOW
Comfrey Leaves,5,0,LOW
Conch,0,0,LOW
Concord Grapes,53,8,LOW
Coral Mushrooms,10,1,LOW
Coriander Leaves,10,1,LOW
Corn Chowder,55,12,MED
Corn Crackers,60,9,LOW
Corn Muffins,55,10,LOW
Corn Oil,0,0,LOW
Corn Sprouts,12,1,LOW
Cornflakes,81,24,HIGH
Cornish Hen,0,0,LOW
Cornish Pasty,60,15,MED
Cottage Cheese,10,1,LOW
Couscous,65,10,LOW
Couscous Salad,55,10,LOW
Coyote Melon,55,8,LOW
Crab,0,0,LOW
Crab Rangoon,45,8,LOW
Crackers,67,12,MED
Cranberries,50,9,LOW
Cranberry Beans,43,6,LOW
Cranberry Juice,50,12,MED
Cranberry Juice (Unsweetened),52,6,LOW
Cranberry Walnut Bread,60,9,LOW
Cranberry Water (Diluted),5,0,LOW
Crayfish,0,0,LOW
Cream Cheese Bagel,72,18,MED
Cream of Spinach Soup,30,4,LOW
Creamed Corn,60,9,LOW
Creamed Mushrooms,20,3,LOW
Creamy Tomato Pasta,55,12,MED
Crepes Suzette,62,14,MED
Croaker,0,0,LOW
Croque Madame,55,12,MED
Croque Monsieur,58,13,MED
Cuban Oregano,10,1,LOW
Cucumber,15,1,LOW
Cucumber (English),15,1,LOW
Cucumber Raita,15,1,LOW
Cucumber Sandwich,35,5,LOW
Cucumber Water,0,0,LOW
Cured Meats,0,0,LOW
Curly Endive,15,1,LOW
Curry Leaves,10,1,LOW
Curry Plant Leaves,10,1,LOW
Curry Tree Seeds,10,1,LOW
Cuttlefish,0,0,LOW
Cuttlefish Ink,0,0,LOW
Dace,0,0,LOW
Daikon Leaves,10,1,LOW
Daikon Radish,30,2,LOW
Dal Makhani,35,6,LOW
Dandelion Flowers,10,1,LOW
Dandelion Greens,15,1,LOW
Dandelion Root,20,3,LOW
Dandelion Root Tea,0,0,LOW
Dandelion Shoots,10,1,LOW
Danish Pastries,74,20,MED
Dark Chocolate,25,5,LOW
Dark Chocolate (85%),23,3,LOW
Date Syrup,65,18,MED
Date Syrup,60,10,LOW
Dates,64,16,MED
Delicata Squash,48,7,LOW
Desert Lime,50,6,LOW
Deviled Eggs,0,0,LOW
Dill Cream Sauce,20,2,LOW
Dill Microgreens,5,0,LOW
Dill Pickles,15,1,LOW
Dim Sum Dumplings,50,10,LOW
Dinosaur Kale,10,1,LOW
Distilled White Vinegar,0,0,LOW
Dolphin Fish,0,0,LOW
Double Cheeseburger,0,0,LOW
Doughnuts,76,24,HIGH
Dragon Carrot,50,7,LOW
Dragonfruit,48,6,LOW
Dried Epazote Leaves,5,0,LOW
Duck,0,0,LOW
Duck Breast,0,0,LOW
Duck Confit,0,0,LOW
Duck Liver,0,0,LOW
Durian,49,8,LOW
Durian (Fresh),49,8,LOW
Durum Wheat,55,12,MED
Dwarf Kale,10,1,LOW
Echinacea Tea,0,0,LOW
Edamame,18,2,LOW
Edible Begonia Flowers,5,0,LOW
Eel,0,0,LOW
Egg Drop Soup,15,2,LOW
Eggplant Parmesan,50,10,LOW
Eggplant Soup,40,5,LOW
Eggs,0,0,LOW
Elderberries,45,6,LOW
Elderberry Flowers,10,1,LOW
Elderberry Juice,50,8,LOW
Elderberry Sprouts,10,1,LOW
Elderflower Cordial,55,8,LOW
Elderflower Heads,10,1,LOW
Electric Eel,0,0,LOW
Elephant Apple,50,8,LOW
Elephant Garlic,15,2,LOW
Elk Meat,0,0,LOW
Emu Meat,0,0,LOW
Endive,10,1,LOW
Endive Hearts,10,1,LOW
Energy Bar,50,14,MED
Energy Bites (Oats & Dates),50,8,LOW
English Walnuts,15,1,LOW
Enoki Mushrooms,15,1,LOW
Epazote Leaves,5,0,LOW
Fajita Bowl,45,10,LOW
Falafel Wrap,55,12,MED
Falooda,68,16,MED
Farro,45,9,LOW
Fava Beans,79,13,MED
Fava Sprouts,12,1,LOW
Feather Cress,10,1,LOW
Feijoa,55,6,LOW
Fennel,16,2,LOW
Fennel Bulb,16,1,LOW
Fennel Fronds,10,1,LOW
Fennel Seeds,15,1,LOW
Fenugreek Leaves,10,1,LOW
Finger Lime (Caviar Lime),40,5,LOW
Finger Millet,70,15,MED
Fingerroot (Krachai),10,1,LOW
Fish,0,0,LOW
Fish Sauce,0,0,LOW
Fish Tacos,48,12,MED
Flageolet Beans,40,6,LOW
Flat Peaches,42,7,LOW
Flatbread,57,11,MED
Flat-Leaf Parsley,5,0,LOW
Flavored Pistachios,28,3,LOW
Flax Crackers,15,2,LOW
Flax Milk,25,2,LOW
Flaxseed Crackers,20,2,LOW
Flaxseed Oil,0,0,LOW
Fluted Pumpkin,52,8,LOW
Forest Mushrooms,10,1,LOW
Freeze-Dried Strawberries,25,2,LOW
French Breakfast Radish,15,1,LOW
French Fries,75,19,MED
French Onion Soup,32,5,LOW
French Sorrel,10,1,LOW
French Tarragon,5,0,LOW
Fresh Dates,42,18,MED
Fresh Lemon-Ginger Shot,10,0,LOW
Fresh Wasabi Root,10,1,LOW
Fried Okra,55,10,LOW
Fried Rice,72,20,MED
Frisée Lettuce,15,1,LOW
Frisée Lettuce,15,1,LOW
Frog Legs,0,0,LOW
Frozen Yogurt,40,7,LOW
Fruit Cake,78,25,HIGH
Gala Apples,42,7,LOW
Galangal Rhizome,12,1,LOW
Galangal Root,15,1,LOW
Galangal Shoots,10,1,LOW
Galia Melon,65,10,LOW
Garbanzo Sprouts,12,1,LOW
Garlic Bread,70,14,MED
Garlic Butter Shrimp,0,0,LOW
Garlic Chives,10,1,LOW
Garlic Greens,12,1,LOW
Garlic Naan,55,12,MED
Garlic Naan,62,9,LOW
Garlic Scapes,10,1,LOW
Gelatin Desserts,50,5,LOW
Gelato,60,8,LOW
German Chocolate Cake,75,28,HIGH
Ghee,0,0,LOW
Ghee Rice,68,15,MED
Giant Butter Beans,45,8,LOW
Ginger Beer,50,12,MED
Ginger Lemon Kombucha,15,1,LOW
Ginger Root (Fresh),10,1,LOW
Ginger Tea (Fresh Brewed),0,0,LOW
Ginkgo Leaf Tea,0,0,LOW
Ginkgo Nuts,40,7,LOW
Globe Artichokes,15,2,LOW
Gluten-Free Bread (Oat),80,15,MED
Gluten-Free Oat Crackers,50,6,LOW
Goat Cheese,0,0,LOW
Goat Curry,0,0,LOW
Goat Meat,0,0,LOW
Goat Milk,39,5,LOW
Golden Berries,55,7,LOW
Golden Milk (Turmeric),0,0,LOW
Golden Syrup,60,18,MED
Golden Tilefish,0,0,LOW
Goose Breast,0,0,LOW
Gooseberries,40,4,LOW
Goosefoot Greens,15,1,LOW
Goosefoot Spinach,10,1,LOW
Grape Jelly,50,10,LOW
Grape Leaves,5,0,LOW
Grape Molasses,55,8,LOW
Grape Seed Oil,0,0,LOW
Grapefruit,25,3,LOW
Grapefruit Juice,48,6,LOW
Grapefruit Juice (Fresh),48,5,LOW
Grapefruit Sorbet,55,6,LOW
Grapes,46,7,LOW
Grated Parmesan,0,0,LOW
Gravenstein Apples,42,7,LOW
Greek Moussaka,45,10,LOW
Greek Yogurt,11,1,LOW
Green Almonds,15,1,LOW
Green Bananas,42,10,LOW
Green Beans (Raw),15,1,LOW
Green Curry,50,10,LOW
Green Lentil Sprouts,12,1,LOW
Green Lentils,22,4,LOW
Green Mango,45,9,LOW
Green Mango Salad,40,6,LOW
Green Onions,10,1,LOW
Green Papaya,45,8,LOW
Green Plantains,40,8,LOW
Green Purslane,10,1,LOW
Green Tea (Brewed),0,0,LOW
Green Tea Ice Cream,55,7,LOW
Grilled Asparagus,15,1,LOW
Grilled Cheese,50,12,MED
Grilled Eggplant,20,2,LOW
Grilled Pineapple,62,14,MED
Ground Cherry,40,5,LOW
Grouper,0,0,LOW
Grouper,0,0,LOW
Guacamole,10,1,LOW
Guaje Pods,10,1,LOW
Guanabana Fruit,50,9,LOW
Guar Gum,0,0,LOW
Guar Gum Flour,10,1,LOW
Guava,30,4,LOW
Guava (Whole),30,4,LOW
Guava Juice,55,8,LOW
Guava Juice,60,10,LOW
Guava Leaves,5,0,LOW
Guava Sprouts,10,1,LOW
Guinea Fowl Meat,0,0,LOW
Gurnard,0,0,LOW
Habanero Peppers,15,1,LOW
Hachiya Persimmon,50,8,LOW
Haddock,0,0,LOW
Halibut,0,0,LOW
Halva,55,12,MED
Ham Croquettes,60,15,MED
Hare Meat,0,0,LOW
Haricot Beans,35,5,LOW
Hass Avocado,15,1,LOW
Hawaiian Pizza,65,18,MED
Hazelnut Cream,50,7,LOW
Hazelnut Milk,25,2,LOW
Hazelnut Milk (Sweetened),45,2,LOW
Hazelnut Oil,0,0,LOW
Hazelnut Spread,55,8,LOW
Heart of Palm,15,1,LOW
Heirloom Peppers,10,1,LOW
Heirloom Tomatoes,30,4,LOW
Hemp Milk,25,3,LOW
Hemp Seed Oil,0,0,LOW
Herb Focaccia,65,9,LOW
Herb Savory Scones,50,5,LOW
Herbal Hibiscus Cooler,0,0,LOW
Herbal Tea (Chamomile),0,0,LOW
Herring,0,0,LOW
Hibiscus Tea,0,0,LOW
Hibiscus Tea (Brewed),0,0,LOW
Himalayan Salt Crystals,0,0,LOW
Hog Plum,45,7,LOW
Hogfish,0,0,LOW
Hoisin Sauce,35,4,LOW
Honey,58,10,LOW
Honey (Raw Wildflower),58,6,LOW
Honey Cake,72,22,HIGH
Honeycomb,73,20,MED
Honeydew Smoothie,55,8,LOW
Honeynut Squash,55,9,LOW
Honey-Roasted Peanuts,28,5,LOW
Horse Meat,0,0,LOW
Horseradish,10,1,LOW
Hot Dog Buns,70,20,MED
Hummus,12,3,LOW
Ice Cream,62,7,LOW
Ice Cream Sandwich,65,16,MED
Ice Plant,15,1,LOW
Ice Spinach,10,1,LOW
Iceberg Lettuce,15,1,LOW
Iceberg Lettuce,10,1,LOW
Indian Sorrel,10,1,LOW
Instant Coffee,0,0,LOW
Italian Wedding Soup,35,5,LOW
Ivory Lentils,22,4,LOW
Jackfruit,75,18,MED
Jackfruit (Raw),75,18,MED
Jackfruit Chips,70,10,LOW
Jaggery (Unrefined Sugar),65,15,MED
Jalapeño Poppers,35,5,LOW
Japanese Curry,65,14,MED
Japanese Knotweed,10,1,LOW
Japanese Mustard Spinach,10,1,LOW
Japanese Persimmon,50,11,MED
Japanese Pumpkin (Kabocha),50,8,LOW
Japanese Yams,50,12,MED
Jasmine Rice,68,20,MED
Jasmine Tea,0,0,LOW
Jellyfish,0,0,LOW
Jerusalem Artichoke,33,10,LOW
Jerusalem Sage,15,1,LOW
Jerusalem Sage Leaves,10,1,LOW
Jicama,15,2,LOW
Jicama Sticks,10,1,LOW
Jostaberries,15,1,LOW
Jujube Fruit,55,10,LOW
Jute Leaves,10,1,LOW
Kaffir Lime,25,2,LOW
Kaffir Lime Fruit,15,1,LOW
Kaffir Lime Leaves,5,0,LOW
Kaffir Lime Sprouts,10,1,LOW
Kaffir Limes,10,1,LOW
Kale,10,1,LOW
Kale Chips,15,2,LOW
Kale Chips (Baked),15,1,LOW
Kale Rabe,10,1,LOW
Kale Sprouts,12,1,LOW
Kamut,55,10,LOW
Kangaroo Meat,0,0,LOW
Kapok Buds,10,1,LOW
Katsu Curry,60,15,MED
Kefir,30,4,LOW
Kelp Noodles,5,0,LOW
Ketchup,50,8,LOW
Kettle Chips,70,14,MED
Kettle Corn,62,12,MED
Key Lime,15,1,LOW
Kidney Beans,29,7,LOW
Kidney Pie,50,14,MED
Kidney Sprouts,10,1,LOW
Kielbasa,0,0,LOW
Kimchi,20,1,LOW
King Mackerel,0,0,LOW
King Oyster Mushrooms,10,1,LOW
Kingfish,0,0,LOW
Kippers,0,0,LOW
Kiwi,50,8,LOW
Kiwi Sorbet,45,5,LOW
Kohlrabi,20,2,LOW
Kohlrabi Leaves,12,1,LOW
Kohlrabi Sprouts,10,1,LOW
Komatsuna,15,1,LOW
Kombu Seaweed,5,0,LOW
Kombucha (Unflavored),15,1,LOW
Kombucha Tea,25,3,LOW
Korean Melon,60,9,LOW
Korean Radish,10,1,LOW
Kudzu Root,50,8,LOW
Kumato Tomatoes,15,1,LOW
Kumquat Leaves,5,0,LOW
Kumquats,35,6,LOW
Kyoto Carrots,48,7,LOW
Lacinato Kale,15,1,LOW
Lady Finger Bananas,45,8,LOW
Lamb,0,0,LOW
Lamb Chops,0,0,LOW
Lamb Liver,0,0,LOW
Lamb Meatballs,0,0,LOW
Lapsi Fruit,45,6,LOW
Lasagna Noodles,55,11,MED
Lasagna Rolls,55,15,MED
Lavender Sprigs,5,0,LOW
Laver Seaweed,10,1,LOW
Leaf Celery,10,1,LOW
Leeks,16,1,LOW
Lemon Balm Leaves,5,0,LOW
Lemon Balm Shoots,5,0,LOW
Lemon Curd,55,7,LOW
Lemon Extract,0,0,LOW
Lemon Juice (Fresh),5,0,LOW
Lemon Tart,68,20,MED
Lemon Verbena Leaves,5,0,LOW
Lemon Water,0,0,LOW
Lemonade (fresh),45,10,LOW
Lentil Curry,35,8,LOW
Lentil Pasta,22,3,LOW
Lentils,32,4,LOW
Lettuce,10,1,LOW
Lima Beans,46,8,LOW
Lime Juice (Fresh),0,0,LOW
Lime Leaves,5,0,LOW
Lime Sherbet,55,7,LOW
Limeade,50,10,LOW
Limequat Fruit,50,8,LOW
Lingcod,0,0,LOW
Liquid Aminos (Soy Sauce Substitute),0,0,LOW
Little Gem Lettuce,10,1,LOW
Littleneck Clams,0,0,LOW
Lobster,0,0,LOW
Lobster Bisque,30,4,LOW
Lobster Mushrooms,10,1,LOW
Loganberries,25,2,LOW
Long Bean Sprouts,10,1,LOW
Longans (Fresh),56,6,LOW
Lotus Root,33,5,LOW
Lotus Root (Raw),33,5,LOW
Lotus Seeds,50,7,LOW
Lovage Leaves,10,1,LOW
Luffa (Sponge Gourd),10,1,LOW
Lupin Flour,55,8,LOW
Lupini Beans,15,3,LOW
Lychee,50,7,LOW
Lychee Sorbet,50,6,LOW
Macadamia Cookies,70,18,MED
Macadamia Nut Oil,0,0,LOW
Macadamia Nuts (Raw),10,1,LOW
Macaroni Salad,55,12,MED
Mace Flower,5,0,LOW
Mackerel,0,0,LOW
Madras Lentils,35,6,LOW
Magenta Spreen,10,1,LOW
Mahi-Mahi,0,0,LOW
Mahogany Seeds,10,1,LOW
Malabar Gourds,10,1,LOW
Malabar Spinach,10,1,LOW
Malanga,70,13,MED
Malanga Flour,60,14,MED
Malt Extract,105,18,MED
Malt Vinegar,5,1,LOW
Mamey Sapote,60,12,MED
Mangetout (Snap Peas),12,2,LOW
Mango,51,8,LOW
Mango Juice (Unsweetened),55,8,LOW
Mango Pickle,25,3,LOW
Mango Sticky Rice,68,18,MED
Mangosteen,60,8,LOW
Mangosteen Leaves,10,1,LOW
Maple Syrup,54,12,MED
Maple Syrup (Grade A Dark Amber),54,5,LOW
Marinara Sauce,40,5,LOW
Marjoram Leaves,5,0,LOW
Marmalade,60,15,MED
Marrow Leaves,10,1,LOW
Marrowfat Peas,50,9,LOW
Marshmallow Root,10,1,LOW
Mashua Root,45,7,LOW
Matcha Latte (Unsweetened),30,3,LOW
Matcha Tea,0,0,LOW
Mayan Squash Blossoms,10,1,LOW
Meadow Mushrooms,10,1,LOW
Meatloaf,0,0,LOW
Medlar Fruit,30,4,LOW
Menhaden,0,0,LOW
Mexican Rice,55,14,MED
Milk,31,3,LOW
Milk Chocolate,45,7,LOW
Millet,71,17,MED
Millet Flatbread,52,6,LOW
Mint Mojito Mocktail,40,5,LOW
Miso Soup,15,2,LOW
Mixed Trail Mix (Unsweetened),45,7,LOW
Mizuna,15,1,LOW
Mizuna Greens,12,1,LOW
Molasses,55,7,LOW
Monkfish,0,0,LOW
Monkfish,0,0,LOW
Moose Meat,0,0,LOW
Moringa Seeds,12,2,LOW
Mountain Sorrel,10,1,LOW
Mountain Yam,55,9,LOW
Mountain Yam Stems,12,2,LOW
Mozzarella,0,0,LOW
Mudfish,0,0,LOW
Mulberries,40,4,LOW
Mullet,0,0,LOW
Multigrain Bagels,60,12,MED
Multigrain Bread,50,9,LOW
Mung Beans,25,4,LOW
Mushroom Broth,0,0,LOW
Mushroom Risotto,55,12,MED
Mushroom Soup,15,2,LOW
Mussels,0,0,LOW
Mustard Greens,10,1,LOW
Mustard Sauce,20,2,LOW
Mustard Seed Oil (Edible),0,0,LOW
Mutton Roast,0,0,LOW
Naan Bread,63,12,MED
Napa Cabbage,15,1,LOW
Napa Cabbage Sprouts,10,1,LOW
Naranjilla (Lulo Fruit),50,8,LOW
Nasi Goreng,50,14,MED
Nasturtium Leaves,10,1,LOW
Nasturtium Seeds,10,1,LOW
Nasturtium Sprouts,10,1,LOW
Navy Beans,32,6,LOW
Navy Lentils,35,6,LOW
Navy Sprouts,12,1,LOW
Nectarine Sprouts,15,1,LOW
Nectarines,43,5,LOW
Neem Leaves,5,0,LOW
Nettles (Fresh),10,1,LOW
New Zealand Spinach,10,1,LOW
Nipa Palm Fruit,50,8,LOW
Noodles in Peanut Sauce,55,14,MED
Nopal Cactus,7,1,LOW
Nopal Pads,7,1,LOW
Nopalitos,7,1,LOW
Nut Milk Ice Cream,45,8,LOW
Oat Bran,50,6,LOW
Oat Milk,49,5,LOW
Oat Milk (Sweetened),69,7,LOW
Oat Yogurt,40,5,LOW
Oatmeal,55,9,LOW
Oatmeal Raisin Cookies,55,10,LOW
Octopus,0,0,LOW
Okonomiyaki,55,12,MED
Okra (Whole),20,3,LOW
Okra Pods,20,2,LOW
Olallieberry,45,4,LOW
Olive Leaves,5,0,LOW
Olive Oil,0,0,LOW
Olive Oil Lavash Crackers,50,5,LOW
Olive Sprouts,10,1,LOW
Olive Tapenade,15,2,LOW
Onion Bhaji,45,8,LOW
Onion Rings,75,16,MED
Oolong Tea,0,0,LOW
Orange,43,5,LOW
Orange Blossom Water,0,0,LOW
Orange Juice (Fresh),50,5,LOW
Orange Zest,5,0,LOW
Oregano Leaves,5,0,LOW
Oregano Microgreens,5,0,LOW
Ostrich Meat,0,0,LOW
Oyster Mushrooms,15,1,LOW
Oyster Sauce,0,0,LOW
Pacific Cod,0,0,LOW
Pacific Mackerel,0,0,LOW
Pacific Oysters,0,0,LOW
Pad Thai,68,16,MED
Palak Paneer,45,8,LOW
Palm Fruit,35,5,LOW
Palm Kernel Oil,0,0,LOW
Palm Sugar Syrup,35,4,LOW
Panang Curry,50,12,MED
Pancake Syrup,65,12,MED
Pancakes (whole),56,12,MED
Pandan Leaves,10,1,LOW
Paneer Cheese,0,0,LOW
Panna Cotta,50,6,LOW
Papalo,5,0,LOW
Papaya,60,9,LOW
Papaya Shoots,10,1,LOW
Paprika Chicken,0,0,LOW
Paprika Peppers,10,1,LOW
Parmesan,0,0,LOW
Parmesan Cheese Crisps,0,0,LOW
Parsley Root,40,4,LOW
Parsley Root (Raw),35,5,LOW
Parsnip Chips,70,10,LOW
Parsnip Leaves,10,1,LOW
Parsnip Roots,65,10,LOW
Partridge Meat,0,0,LOW
Passion Fruit (Fresh),30,4,LOW
Passion Fruit Juice,40,8,LOW
Pasta,45,22,HIGH
Pavlova,62,14,MED
Pea Milk,30,2,LOW
Peach Cobbler,72,24,HIGH
Peach Iced Tea (Unsweetened),5,0,LOW
Peach Juice,50,8,LOW
Peaches,28,5,LOW
Peanut Brittle,65,18,MED
Peanut Butter,14,1,LOW
Peanut Oil,0,0,LOW
Pear Juice,44,6,LOW
Pears,42,8,LOW
Peas,22,4,LOW
Pecan Sprouts,10,1,LOW
Pecans,10,1,LOW
Pepitas (Pumpkin Seeds),10,1,LOW
Peppermint Extract,0,0,LOW
Peppermint Leaves,5,0,LOW
Pequi Fruit,30,5,LOW
Perch,0,0,LOW
Perilla Leaves,5,0,LOW
Perilla Seeds,12,1,LOW
Periwinkle,0,0,LOW
Periwinkles,0,0,LOW
Persimmons,50,11,MED
Peruvian Groundcherry,45,6,LOW
Pesto Pasta,55,14,MED
Pesto Sauce,15,1,LOW
Pheasant Meat,0,0,LOW
Pickled Onions,15,2,LOW
Pickled Peppers,15,1,LOW
Pickling Cucumbers,15,1,LOW
Pigeon Meat,0,0,LOW
Pigeon Pea Sprouts,12,1,LOW
Pigeon Peas,32,6,LOW
Pine Nut Sprouts,10,1,LOW
Pine Nuts,15,1,LOW
Pineapple,59,7,LOW
Pineapple Juice (Unsweetened),66,10,LOW
Pineapple Sage,10,1,LOW
Pineapple Upside-Down Cake,75,26,HIGH
Pink Lemon Fruit,50,7,LOW
Pink Peppercorns,10,1,LOW
Pink Radicchio,15,1,LOW
Pink Salmon,0,0,LOW
Pistachio Ice Cream,55,7,LOW
Pita Bread,57,10,LOW
Pita Chips,74,20,MED
Pita Chips (Whole Wheat),58,7,LOW
Pizza,60,11,MED
Plantain Chips,65,15,MED
Plantain Flour,75,18,MED
Plantains,54,12,MED
Plums,28,5,LOW
Pollock,0,0,LOW
Pollock,0,0,LOW
Pollock Roe,0,0,LOW
Pomegranate,53,8,LOW
Pomegranate Juice,53,6,LOW
Pompano,0,0,LOW
Popcorn,55,8,LOW
Poppy Seeds,10,1,LOW
Pork,0,0,LOW
Pork Belly,0,0,LOW
Pork Dumplings,50,12,MED
Pork Gyoza,50,12,MED
Pork Jowl,0,0,LOW
Pork Schnitzel,55,15,MED
Pork Shoulder,0,0,LOW
Potato Chips,54,11,MED
Prawn Curry,0,0,LOW
Pretzels,83,16,MED
Prosciutto,0,0,LOW
Protein Bars,45,8,LOW
Protein Shake,30,3,LOW
Prunes,44,10,LOW
Pumpkin Pie,68,18,MED
Pumpkin Seed Oil,0,0,LOW
Purple Basil Shoots,5,0,LOW
Purple Sweet Potato,48,9,LOW
Purslane,15,1,LOW
Purslane (Fresh),10,1,LOW
Purslane Flowers,10,1,LOW
Purslane Seeds,10,1,LOW
Quail Eggs,0,0,LOW
Quail Meat,0,0,LOW
Quenepa Fruit,50,6,LOW
Quiche,35,8,LOW
Quinoa,53,13,MED
Quinoa Crispbread,50,5,LOW
Quinoa Flour,55,8,LOW
Quinoa Seeds (Sprouted),53,11,MED
Rabbit,0,0,LOW
Rabbit,0,0,LOW
Rabbit Liver,0,0,LOW
Radicchio,15,1,LOW
Radish Greens,15,1,LOW
Radish Slices,10,1,LOW
Rainbow Chard,15,1,LOW
Rainbow Trout,0,0,LOW
Raisin Bran Cereal,73,20,MED
Raisins,64,28,HIGH
Rambutan,59,6,LOW
Rambutan Flesh,55,8,LOW
Rambutan Seeds,5,0,LOW
Ramen Noodles,60,14,MED
Ramps (Shoots),10,1,LOW
Ramps (Wild Leeks),15,1,LOW
Rapini (Broccoli Rabe),20,2,LOW
Raspberries,40,2,LOW
Raspberry Jam,55,9,LOW
Raspberry Sorbet,55,6,LOW
Razor Clams,0,0,LOW
Razor Clams,0,0,LOW
Red Amaranth,15,1,LOW
Red Banana,42,9,LOW
Red Cabbage (Fresh),15,1,LOW
Red Corn,55,12,MED
Red Frill Mustard,10,1,LOW
Red Kuri Squash,51,7,LOW
Red Leaf Lettuce,10,1,LOW
Red Lentils,26,5,LOW
Red Malabar Spinach,10,1,LOW
Red Veined Sorrel,10,1,LOW
Red Velvet Cake,72,24,HIGH
Red Wine,0,0,LOW
Red Wine Vinegar,0,0,LOW
Rhubarb Stalks,15,2,LOW
Rice Bran,50,8,LOW
Rice Bran Oil,0,0,LOW
Rice Cakes,82,17,MED
Rice Crackers (Unsweetened),91,7,LOW
Rice Milk,86,12,MED
Rice Milk (Sweetened),85,9,LOW
Rice Noodles,61,10,LOW
Rice Pudding,82,30,HIGH
Rice Vermicelli,75,18,MED
Rice Vinegar (Seasoned),5,1,LOW
Ricotta,10,1,LOW
Ricotta Cheesecake,45,6,LOW
Risotto Milanese,60,15,MED
Roasted Cashews,22,4,LOW
Rock Lobster,0,0,LOW
Rockfish,0,0,LOW
Rockfish,0,0,LOW
Romaine Hearts,10,1,LOW
Roman Coriander Seeds,10,1,LOW
Romanesco (Raw),12,1,LOW
Romanesco Broccoli,15,1,LOW
Rooibos Tea,0,0,LOW
Rosa Bianca Eggplant,15,1,LOW
Rose Water,0,0,LOW
Roselle Hibiscus,10,1,LOW
Roselle Leaves,10,1,LOW
Roselle Petals,10,1,LOW
Ruby Grapefruit,50,8,LOW
Rutabaga,72,8,LOW
Rutabaga (Raw),50,7,LOW
Rutabaga Greens,15,2,LOW
Rutabaga Mash,55,8,LOW
Rye,41,5,LOW
Rye Bread,41,5,LOW
Rye Crackers,47,9,LOW
Rye Crispbread,55,6,LOW
Rye Pasta,50,8,LOW
Rye Sourdough Bread (Whole),40,7,LOW
Sablefish,0,0,LOW
Safflower Oil,0,0,LOW
Safflower Sprouts,10,1,LOW
Saffron Rice,55,14,MED
Sago Palm Fruit,55,10,LOW
Salami,0,0,LOW
Salmon,0,0,LOW
Salmon Quiche,45,8,LOW
Salmon Roe,0,0,LOW
Salsify (Raw),40,8,LOW
Sambong Leaves,5,0,LOW
Samphire,15,1,LOW
Sapodilla,55,7,LOW
Sapote,35,6,LOW
Sardines,0,0,LOW
Sardines in Oil,0,0,LOW
Sarsaparilla Roots,10,1,LOW
Savoy Cabbage,15,1,LOW
Scallops,0,0,LOW
Scarlet Kale,10,1,LOW
Scarlet Runner Beans,45,7,LOW
Scarlet Runner Sprouts,12,1,LOW
Scones,68,14,MED
Sculpin,0,0,LOW
Scungilli (Conch),0,0,LOW
Sea Asparagus,15,1,LOW
Sea Bass,0,0,LOW
Sea Buckthorn Berries,15,2,LOW
Sea Grape Fruit,35,5,LOW
Sea Lettuce,10,1,LOW
Sea Urchin,0,0,LOW
Seaweed,15,1,LOW
Seaweed Rice Crackers,55,6,LOW
Seaweed Snacks (Plain),10,1,LOW
Seeded Rye Bread,55,8,LOW
Semolina Flour,68,13,MED
Sesame Crackers,50,6,LOW
Sesame Lavash Crackers,52,7,LOW
Sesame Leaves,15,1,LOW
Sesame Oil (Toasted),0,0,LOW
Sesame Sprouts,15,1,LOW
Shad,0,0,LOW
Shagbark Hickory Nuts,10,1,LOW
Shallot Greens,10,1,LOW
Shepherd’s Purse,10,1,LOW
Sherry Vinegar,0,0,LOW
Shiso Leaves,12,1,LOW
Shiso Sprouts,10,1,LOW
Shredded Wheat,69,21,HIGH
Shrimp,0,0,LOW
Shrimp Cocktail,0,0,LOW
Shungiku Blossoms,10,1,LOW
Shungiku Leaves,10,1,LOW
Siamese Watercress,10,1,LOW
Silken Tofu,20,2,LOW
Singapore Noodles,65,18,MED
Skim Milk,30,4,LOW
Smelt,0,0,LOW
Smoked Almonds,15,1,LOW
Smoked Ham,0,0,LOW
Smoked Salmon Bagel,72,18,MED
Snake Gourd,10,1,LOW
Snap Pea Shoots,15,1,LOW
Snapper,0,0,LOW
Snapper,0,0,LOW
Snapper Grouper,0,0,LOW
Snow Crab,0,0,LOW
Snow Peas,48,4,LOW
Soba Noodles,55,8,LOW
Sockeye Salmon,0,0,LOW
Soft-Shell Crab,0,0,LOW
Sole,0,0,LOW
Sorbet (Mixed Berry),55,6,LOW
Sorghum,72,16,MED
Sorghum Shoots,45,8,LOW
Sorghum Sprouts,68,13,MED
Sorghum Syrup,60,15,MED
Sorghum Syrup,70,10,LOW
Sorrel Leaves,15,1,LOW
Sourdough Bread (Whole Grain),48,8,LOW
Soursop,32,5,LOW
Soy Milk,30,3,LOW
Soy Sauce,0,0,LOW
Soy Yogurt,30,3,LOW
Soybean Oil,0,0,LOW
Soybean Sprouts,10,1,LOW
Spaghetti,49,8,LOW
Spaghetti Squash,40,4,LOW
Spanish Black Radish,15,1,LOW
Sparkling Apple Cider (Dry),40,4,LOW
Sparkling Lemonade,60,6,LOW
Sparkling Mineral Water,0,0,LOW
Spelt,55,11,MED
Spelt Crackers,55,6,LOW
Spiced Lentil Chips,45,5,LOW
Spider Plant Leaves,10,1,LOW
Spinach,10,1,LOW
Spinach Juice,15,1,LOW
Spinach Ravioli,55,12,MED
Spiny Lobster,0,0,LOW
Spiral Ginger Shoots,10,1,LOW
Split Peas,32,5,LOW
Spring Onion,20,1,LOW
Sprouted Almonds,12,2,LOW
Sprouted Pumpkin Seeds,10,1,LOW
Squid (Calamari),0,0,LOW
Star Apple (Cainito),50,7,LOW
Steelhead Trout,0,0,LOW
Stevia Syrup,0,0,LOW
Sticky Toffee Pudding,72,26,HIGH
Stone Crab,0,0,LOW
Straw Mushroom,10,1,LOW
Strawberry,41,3,LOW
String Beans,20,3,LOW
Stuffed Bell Peppers,45,10,LOW
Suckling Pig,0,0,LOW
Sugary Cereal,85,26,HIGH
Summer Sausage,0,0,LOW
Sunchoke Tubers,55,10,LOW
Sunchokes,55,10,LOW
Sun-Dried Tomatoes,35,6,LOW
Sunflower Oil,0,0,LOW
Sunflower Oil (High Oleic),0,0,LOW
Swai Fish,0,0,LOW
Sweet Basil Sprouts,5,0,LOW
Sweet Chili Sauce,55,8,LOW
Sweet Corn,60,9,LOW
Sweet Lemon (Mosambi),50,8,LOW
Sweet Potato,61,17,MED
Sweet Potato Crackers,50,6,LOW
Sweet Potato Flour,70,10,LOW
Sweet Potato Fries,70,14,MED
Sweetened Applesauce,64,13,MED
Sweetened Condensed Milk,62,20,MED
Sweetened Juice,68,16,MED
Sweetened Yogurt,40,7,LOW
Sweetheart Cabbage,15,1,LOW
Swiss Brown Mushrooms,10,1,LOW
Swiss Chard,15,1,LOW
Swordfish,0,0,LOW
Swordfish,0,0,LOW
Tamarind,70,14,MED
Tamarind Juice,45,6,LOW
Tamarind Paste (Diluted),35,2,LOW
Tamarind Water,35,2,LOW
Tandoori Chicken,0,0,LOW
Tannia Root,50,8,LOW
Tapioca,85,21,HIGH
Tapioca Pearls,85,22,HIGH
Tapioca Pudding,85,20,MED
Taro Chips,70,15,MED
Taro Flour,55,9,LOW
Tarragon Leaves,10,1,LOW
Tarragon Sprouts,5,0,LOW
Tarwi Beans,35,6,LOW
Tatsoi Greens,10,1,LOW
Teff,57,8,LOW
Tempeh,10,1,LOW
Tempura Vegetables,70,14,MED
Teriyaki Sauce,55,8,LOW
Thai Basil,15,1,LOW
Thai Basil Flowers,5,0,LOW
Thai Eggplant Shoots,10,1,LOW
Thai Green Curry,50,12,MED
Tiger Nuts,33,8,LOW
Tigernut Flour,50,10,LOW
Tilapia,0,0,LOW
Tilapia,0,0,LOW
Tilefish,0,0,LOW
Tilefish,0,0,LOW
Tiramisu,56,9,LOW
Tofu,15,1,LOW
Tomatillo,20,3,LOW
Tomatillo Salsa,20,2,LOW
Tomato,15,1,LOW
Tomato Basil Soup,30,4,LOW
Tomato Juice,38,4,LOW
Tomato Ketchup,50,8,LOW
Tomato Paste (Plain),35,3,LOW
Tonic Water (Unsweetened),0,0,LOW
Trail Mix,40,8,LOW
Trail Mix Bar,55,10,LOW
Tree Cucumber,50,9,LOW
Tree Kale,10,1,LOW
Tree Spinach (Chaya),10,1,LOW
Trout,0,0,LOW
Truffle Risotto,55,12,MED
Tuna,0,0,LOW
Tuna Casserole,45,8,LOW
Tuna in Oil,0,0,LOW
Tuna in Water,0,0,LOW
Tuna Tartare,0,0,LOW
Turkey,0,0,LOW
Turkey Bacon,0,0,LOW
Turkey Meatballs,0,0,LOW
Turmeric Tea,0,0,LOW
Turnip Greens,15,1,LOW
Turnip Greens (Fresh),15,1,LOW
Udon Noodles,62,12,MED
Ugli Fruit,48,5,LOW
Ugni Berry,35,4,LOW
Umeboshi Vinegar,5,0,LOW
Vanilla Bean Ice Cream,60,8,LOW
Vanilla Custard,45,9,LOW
Vanilla Extract (Pure),5,0,LOW
Veal Cutlets,0,0,LOW
Vegetable Biryani,55,14,MED
Vegetable Broth,0,0,LOW
Vegetable Fried Rice,72,20,MED
Vegetable Soup,40,5,LOW
Vegetable Tempura,70,16,MED
Velvet Apple,50,7,LOW
Velvet Tamarind,55,10,LOW
Venison,0,0,LOW
Venison,0,0,LOW
Vietnamese Pho,55,14,MED
Vinegar Pickles,15,1,LOW
Vitelotte Potatoes,55,11,MED
Waffles (whole),55,11,MED
Wahoo,0,0,LOW
Wakame Seaweed,10,1,LOW
Walnut Brownies,72,24,HIGH
Walnut Oil,0,0,LOW
Walnuts,15,2,LOW
Wasabi Greens,10,1,LOW
Wasabi Peas,55,12,MED
Wasabi Peas,52,7,LOW
Water Chestnuts,45,6,LOW
Water Hyacinth Shoots,10,1,LOW
Water Kefir,15,1,LOW
Water Spinach,10,1,LOW
Water Spinach Stems,10,1,LOW
Watermelon,72,4,LOW
Watermelon Juice,72,6,LOW
Wax Beans,15,1,LOW
Wax Gourd,10,1,LOW
Wax Jambu,50,7,LOW
West Indian Cherry,50,8,LOW
Wheat Biscuits,67,14,MED
Wheat Germ,55,6,LOW
Wheatgrass Juice,0,0,LOW
Whelk,0,0,LOW
White Asparagus,15,1,LOW
White Beans,31,6,LOW
White Bitter Melon,15,2,LOW
White Bread,75,21,HIGH
White Rice,73,14,MED
White Tea (Brewed),0,0,LOW
White Wine Vinegar,0,0,LOW
Whitefish,0,0,LOW
Whole Grain Bagels,72,15,MED
Whole Milk,30,4,LOW
Whole Wheat English Muffins,55,8,LOW
Whole Wheat Spaghetti,48,9,LOW
Wild Arugula,10,1,LOW
Wild Boar Meat,0,0,LOW
Wild Sorrel,10,1,LOW
Wild Strawberries,42,6,LOW
Wild Turkey Meat,0,0,LOW
Winter Melon,20,3,LOW
Yacon Root,30,5,LOW
Yak Meat,0,0,LOW
Yam,54,13,MED
Yam Noodles,50,8,LOW
Yautia Leaves,10,1,LOW
Yautia Root,50,8,LOW
Yellow Dock Leaves,5,0,LOW
Yellow Dragon Fruit,60,9,LOW
Yellow Fleshed Potatoes,50,9,LOW
Yellowfin Tuna,0,0,LOW
Yogurt,36,4,LOW
Young Coconut Water,50,6,LOW
Yu Choy (Choi Sum),15,1,LOW
Yuzu,43,4,LOW
Zaatar,10,1,LOW
Zaatar Blend (Herbs),5,0,LOW
Zebra Melon,35,6,LOW
Zebra Tomatoes,15,1,LOW
Zedoary Root,15,1,LOW
Zucchini,20,1,LOW
Zucchini (Raw),15,1,LOW
Zucchini Blossoms,12,1,LOW
Zucchini Fritters,50,8,LOW
